Workbook

Sheet SALES DATA
A1: OrderID | B1: OrderDate | C1: CustomerID | D1: Product | E1: Category | F1: Region | G1: Quantity | H1: UnitPrice | I1: SalesAmount | J1: Customer Name | K1: Customer type
A2: 1001 | B2: 45292 | C2: C101 | D2: Laptop | E2: Electronics | F2: North | G2: 1 | H2: 55000 | I2: 55000 | J2: =VLOOKUP(C2,CUSTOMERS!$B$4:$E$10,2,0) -> Rahul Sharma | K2: =VLOOKUP('SALES DATA'!C2,CUSTOMERS!$B$4:$E$10,4,0) -> Regular
A3: 1002 | B3: 45352 | C3: C102 | D3: Mobile | E3: Electronics | F3: South | G3: 2 | H3: 20000 | I3: 40000 | J3: =VLOOKUP(C3,CUSTOMERS!$B$4:$E$10,2,0) -> Neha Verma | K3: =VLOOKUP('SALES DATA'!C3,CUSTOMERS!$B$4:$E$10,4,0) -> Premium
A4: 1003 | B4: 45413 | C4: C103 | D4: Chair | E4: Furniture | F4: East | G4: 3 | H4: 4500 | I4: 13500 | J4: =VLOOKUP(C4,CUSTOMERS!$B$4:$E$10,2,0) -> Amit Singh | K4: =VLOOKUP('SALES DATA'!C4,CUSTOMERS!$B$4:$E$10,4,0) -> Regular
A5: 1004 | B5: 45474 | C5: C101 | D5: Table | E5: Furniture | F5: North | G5: 1 | H5: 8000 | I5: 8000 | J5: =VLOOKUP(C5,CUSTOMERS!$B$4:$E$10,2,0) -> Rahul Sharma | K5: =VLOOKUP('SALES DATA'!C5,CUSTOMERS!$B$4:$E$10,4,0) -> Regular
A6: 1005 | B6: 45566 | C6: C104 | D6: Headphones | E6: Accessories | F6: West | G6: 4 | H6: 2000 | I6: 8000 | J6: =VLOOKUP(C6,CUSTOMERS!$B$4:$E$10,2,0) -> Pooja Patil | K6: =VLOOKUP('SALES DATA'!C6,CUSTOMERS!$B$4:$E$10,4,0) -> New
A7: 1006 | B7: 45627 | C7: C105 | D7: Laptop | E7: Electronics | F7: South | G7: 1 | H7: 52000 | I7: 52000 | J7: =VLOOKUP(C7,CUSTOMERS!$B$4:$E$10,2,0) -> Rohit Mehta | K7: =VLOOKUP('SALES DATA'!C7,CUSTOMERS!$B$4:$E$10,4,0) -> Premium
A8: 1007 | B8: 45306 | C8: C102 | D8: Mouse | E8: Accessories | F8: East | G8: 5 | H8: 800 | I8: 4000 | J8: =VLOOKUP(C8,CUSTOMERS!$B$4:$E$10,2,0) -> Neha Verma | K8: =VLOOKUP('SALES DATA'!C8,CUSTOMERS!$B$4:$E$10,4,0) -> Premium
A9: 1008 | B9: 45309 | C9: C106 | D9: Mobile | E9: Electronics | F9: North | G9: 1 | H9: 22000 | I9: 22000 | J9: =VLOOKUP(C9,CUSTOMERS!$B$4:$E$10,2,0) -> Anjali Desai | K9: =VLOOKUP('SALES DATA'!C9,CUSTOMERS!$B$4:$E$10,4,0) -> Regular
G14: Total sales | H14: Total Orders | I14: Average Order Value | J14: Total Quantity Sold
G15: =SUM(I2:I9) -> 202500 | H15: =COUNT(G2:G9) -> 8 | I15: =AVERAGE(I2:I9) -> 25312.5 | J15: =SUM(G2:G9) -> 18
B16: Month | C16: Year | D16: Total Sales
B17: =TEXT(B2,"mmm") -> Jan | C17: =YEAR(B2) -> 2024 | D17: =G2*H2 -> 55000
B18: =TEXT(B3,"mmm") -> Mar | C18: =YEAR(B3) -> 2024 | D18: =G3*H3 -> 40000
B19: =TEXT(B4,"mmm") -> May | C19: =YEAR(B4) -> 2024 | D19: =G4*H4 -> 13500
B20: =TEXT(B5,"mmm") -> Jul | C20: =YEAR(B5) -> 2024 | D20: =G5*H5 -> 8000
B21: =TEXT(B6,"mmm") -> Oct | C21: =YEAR(B6) -> 2024 | D21: =G6*H6 -> 8000
B22: =TEXT(B7,"mmm") -> Dec | C22: =YEAR(B7) -> 2024 | D22: =G7*H7 -> 52000
B23: =TEXT(B8,"mmm") -> Jan | C23: =YEAR(B8) -> 2024 | D23: =G8*H8 -> 4000
B24: =TEXT(B9,"mmm") -> Jan | C24: =YEAR(B9) -> 2024 | D24: =G9*H9 -> 22000

Sheet CUSTOMERS
B4: CustomerID | C4: CustomerName | D4: City | E4: CustomerType
B5: C101 | C5: Rahul Sharma | D5: Delhi | E5: Regular
B6: C102 | C6: Neha Verma | D6: Pune | E6: Premium
B7: C103 | C7: Amit Singh | D7: Kolkata | E7: Regular
B8: C104 | C8: Pooja Patil | D8: Mumbai | E8: New
B9: C105 | C9: Rohit Mehta | D9: Chennai | E9: Premium
B10: C106 | C10: Anjali Desai | D10: Ahmedabad | E10: Regular

Sheet Pivot tables & Charts
B6: Row Labels | C6: Sum of SalesAmount | E6: Row Labels | F6: Sum of SalesAmount | H6: Row Labels | I6: Sum of SalesAmount
B7: Accessories | C7: 12000 | E7: Jan | F7: 81000 | H7: East | I7: 17500
B8: Electronics | C8: 169000 | E8: Mar | F8: 40000 | H8: North | I8: 85000
B9: Furniture | C9: 21500 | E9: May | F9: 13500 | H9: South | I9: 92000
B10: Grand Total | C10: 202500 | E10: Jul | F10: 8000 | H10: West | I10: 8000
E11: Oct | F11: 8000 | H11: Grand Total | I11: 202500
E12: Dec | F12: 52000
E13: Grand Total | F13: 202500
